"course_code","course_name","description","credits","prerequisites","department","instructors"
"CAI6108","Machine Learning Engineering","Covers foundational machine learning concepts with an emphasis on applying these concepts on real-world data through programming exercises and assignments using the relevant industry-standard Python tools, libraries, and frameworks.","3","Prereq: Knowledge of programming fundamentals. Experience with Python is a plus but not required.","Computer & Information Science & Engineering","Vincent Bindschaedler"
"CAP3020","Theory and Practice of Multimedia Production","Combines the traditional media production pipeline and software engineering processes to synthesize an approach geared for the production of works incorporating both artistic and computational elements.","3","Prereq: CAP 3027.","Computer & Information Science & Engineering","JJ Marin"
"CAP3032","Interactive Modeling and Animation 1","Introduces programming and data structures for interactive two-dimensional multimedia applications. Representing form and transforms in two dimensions, capturing user actions and driving application behavior interactively. Graphical interfaces, image processing, automata and basic artificial intelligence.","3","Prereq: MAC 1147 or equivalent.","Computer & Information Science & Engineering","Rong Zhang"
"CAP3034","Introduction to Computer-Aided Animation","Introduces topics related to computer-aided animation. Rigging for forward and inverse kinematics. Skin weighting. Morph targets. Expression-driven animation, rigid-body and particle simulation.","3","Prereq: MAC 1147 or equivalent.","Computer & Information Science & Engineering","Rachel West"
"CAP4641","Natural Language Processing","Introduction to the essential concepts, principles, and techniques of Natural Language Processing (NLP). Practical application and theoretical concepts are examined. Topics include information extraction, language construction, grammars, disambiguation, as well as system modeling, classification, and evaluation.","3","Prereq: COP 3530.","Computer & Information Science & Engineering","Shlok Gilda"
"CAP4730","Computational Structures in Computer Graphics","Studies the major topics in computer graphics: display and output technology, two and three dimensional manipulations; space curves and surfaces, hidden surface removal and shading models.","3","Prereq: COP 3530.","Computer & Information Science & Engineering","Alireza Entezari"
"CAP5100","Human-Computer Interaction","Topics related to interaction with technology, including interface design, software tools, 3-D interaction, virtual environments, interaction devices, collaboration, and visualization.","3","Prereq: COP 3530, and any one programming course (COP 2800, COP 3275, or COP 3229).","Computer & Information Science & Engineering","Eric Ragan"
"CAP5771","Introduction to Data Science","Introducing the basics of data science including programming for data analytics, file management, relational databases, classification, clustering and regression. The foundation is laid for big data applications ranging from social networks to medical and business informatics.","3","Prereq: COP 3530 Data Structures and Algorithms or equivalent.","Engineering General","Laura Cruz Castro, Jean Louis"
"CAP6610","Machine Learning","Concepts in developing computer programs that learn and improve with experience. Emphasis on methods based on probability, statistics, and optimization.","3","Prereq: Mathematics for Intelligent Systems.","Computer & Information Science & Engineering","Arunava Banerjee"
"CDA3101","Introduction to Computer Organization","Organization of computing systems. Logical basis of computer structure. Machine representation of instructions and data, flow of control, and basic machine instructions. Assembly language programming.","3","Prereq: (COP 3504 or COP 3503) and (MAC 2233 or MAC 2311 or MAC 3472) and COT 3100.","Computer & Information Science & Engineering","Cheryl Resch, Marvin Andujar"
"CDA4630","Embedded Systems","Design of efficient and trustworthy embedded and cyber-physical systems consisting of hardware, software, firmware, sensors, and actuators. Covers fundamental issues related to modeling and specification, design space exploration, hardware-software partitioning, synthesis and compilation, real-time operating systems, and application-specific optimizations targeting area, power, performance, temperature, energy, and security.","3","Prereq: CDA 3101 with minimum grade of C.","Computer & Information Science & Engineering","Prabhat Mishra"
"CDA5636","Embedded Systems","Design of efficient and trustworthy embedded and cyber-physical systems consisting of hardware, software, firmware, sensors and actuators. It covers fundamental issues related to modeling and specification, design space exploration, hardware-software partitioning, synthesis and compilation, real-time operating systems, and application-specific optimizations targeting area, power, performance, temperature, energy, and security.","3","Prereq: Computer Organization.","Computer & Information Science & Engineering","Prabhat Mishra"
"CEN3031","Introduction to Software Engineering","Topics include software planning, specifications, coding, testing and maintenance. Gain experience in the team approach to large system development.","3","Prereq: COP 3530.","Computer & Information Science & Engineering","Neha Rani"
"CEN4721","Human-Computer Interaction","Studies the major topics in the study, planning and design of the interaction between people and computers. Topics include interface design (principles, theories and guidelines), virtual environments, interactive devices and collaboration.","3","Prereq: COP 3530.","Computer & Information Science & Engineering","Jaime Ruiz"
"CEN4722","User Experience Design","Introduces methods and tools used in User Experience Design (UXD): the early stages of software design focused on meeting user needs. Key concepts include user research, contextual design, design thinking, ideation, iterative design, prototyping, and design documentation. Projects utilize software tools used in the industry.","3","Prereq: COP 3530.","Computer & Information Science & Engineering","Christina Mccune"
"CEN5035","Software Engineering","Topics in projects organization, specification techniques, reliability measurement, documentation.","3","Prereq: COP 3504 and COT 3100.","Computer & Information Science & Engineering","Alin Dobra"
"CEN5728","User Experience Design","Introduces methods and tools used in User Experience Design (UXD): the early stages of software design focused on meeting user needs. Key concepts include user research, contextual design, design thinking, ideation, iterative design, prototyping, and design documentation. Software tools used in industry are used in class projects.","3","Prereq: COP 3530 or equivalent.","Computer & Information Science & Engineering","Sharon Lynn Chu Yew Yee"
"CIS4204","Penetration Testing: Ethical Hacking","Introduces principles and techniques associated with the cybersecurity practice known as penetration testing or ethical hacking. Covers planning, reconnaissance, scanning, exploitation, post-exploitation, and result reporting. Discover how system vulnerabilities can be exploited and learn to avoid such problems.","3","Prereq: COP 3530.","Computer & Information Science & Engineering","Michael Link"
"CIS4213","Enterprise Security","Provides an introduction to the real-world aspects of defending an enterprise network. Students will gain hands-on experience performing system security tasks and handling incidents. The class begins with a basic introduction to enterprise cybersecurity, the attack sequence, and managing cybersecurity. Then lecture, homework and lab activities cover the center for internet security's twenty essential security controls.","3","Prereq: COP 3530.","Computer & Information Science & Engineering","Cheryl Resch"
"CIS4301","Information and Database Systems 1","First part of a two-course sequence that studies the essential concepts, principles and techniques of modern database systems. Topics include modeling and querying of data using conceptual data models as well as the development of a database application.","3","Prereq: (COP 3504 or COP 3503) and COT 3100.","Computer & Information Science & Engineering","Peter Dobbins"
"CIS4360","Computer and Information Security","Covers systematic threat and risk assessment; programmed threats and controls in hardware, software, and human procedures; security policies, models, and mechanisms; theoretical limitations and practical implementations; certification and accreditation standards; and case study reviews. Includes projects.","3","Prereq: CDA 3101.","Computer & Information Science & Engineering","Sara Rampazzi"
"CIS4715","CS Teaching & Learning","Covers basic pedagogy, especially as it relates to computer science and engineering, and covers three fundamental elements in education: learning environment, educational theory, and educational practice as approached to engineering-specific training.","0","Prereq: COP 3502 or COP 3504C.","Computer & Information Science & Engineering","Jeremiah Blanchard"
"CIS4905","Individual Study in CISE: INDIVIDUAL STUDY","Problems in different areas of computer science.","0","Prereq: COP 3502C with a minimum grade of C.","Computer & Information Science & Engineering","Peter Dobbins"
"CIS4914","Senior Project","Involves completing a significant CISE-related project. Coordinate with the instructor and a project advisor, prepare a detailed technical report and deliver an oral presentation.","3","Prereq: senior CISE standing or higher and approved project proposal.","Computer & Information Science & Engineering","Sanethia Thomas"
"CIS4930","Special Topics in CISE: Intro to Neural Network Verif","Variable content provides an opportunity for in-depth study of topics not offered elsewhere and of topics of current significance.","3","Prereq: COP 3503C or COP 3504C or instructor permission.","Computer & Information Science & Engineering","Dung Tran"
"CIS4940","Practical Work","One term practical software engineering work under industrial supervision as set forth in the Herbert Wertheim College of Engineering regulations.","1","Prereq: COP 3502C with a minimum grade of C.","Computer & Information Science & Engineering","Peter Dobbins"
"CIS4949","Co-Op Work in CISE","Practical engineering work under industrial supervision, as set forth in the Herbert Wertheim College of Engineering regulations.","1","Prereq: COP 3502C with a minimum grade of C.","Computer & Information Science & Engineering","Peter Dobbins"
"CIS5371","Introduction to Cryptology","Introducing classical and modern cryptography and cryptanalysis, including symmetric and asymmetric (public key) ciphers. It covers cryptographic hash functions, block and stream ciphers, as well as differential and linear cryptanalysis. It reviews BAN logic, applications of cryptography, cryptographic standards and protocols, and analyzes case studies of failed implementations.","3","Prereq: COT 3100 Applications of Discrete Structures or equivalent ; Coreq:  COT 5405 Analysis of Algorithms or equivalent","Computer & Information Science & Engineering","Thomas Shrimpton"
"CIS6905","Individual Study","Individual Study","0","Prereq: consent of faculty member supervising the study.","Computer & Information Science & Engineering",""
"CIS6910","Supervised Research","Supervised Research","0","Prereq: graduate status in CIS.","Computer & Information Science & Engineering","Benjamin Lok"
"CIS6930","Special Topics in CIS: Internet Storage Systems","Special Topics in CIS","3","Prereq: vary depending on topics.","Computer & Information Science & Engineering","Jonathan Kavalan"
"CIS6935","Graduate Seminar","Presentations by visiting researchers, faculty members, and graduate students.","0","","Computer & Information Science & Engineering","Alireza Entezari"
"CIS6940","Supervised Teaching","A supervised teaching experience.","3","","Computer & Information Science & Engineering","Benjamin Lok"
"CIS6971","Research for Master's Thesis","Research for Master's Thesis","0","","Computer & Information Science & Engineering","Benjamin Lok"
"CIS7979","Advanced Research","Research for doctoral students before admission to candidacy. Designed for students with a master's degree in the field of study or for students who have been accepted for a doctoral program. Not appropriate for students who have been admitted to candidacy.","0","","Computer & Information Science & Engineering","Benjamin Lok"
"CIS7980","Research for Doctoral Dissertation","Research for Doctoral Dissertation","0","","Computer & Information Science & Engineering","Benjamin Lok"
"CNT4007","Computer Network Fundamentals","Fundamental concepts, principles, and standards of computer networks. Introduces topics in top-down approach, starting with the application layer in the OSI system architecture with a stronger focus on application, transport, and network layers.","3","Prereq: COP 3530. Coreq: COP 4600.","Computer & Information Science & Engineering","Ye Xia"
"CNT5106C","Computer Networks","Design, implementation, and internals of networks. Routing, congestion control, internetworking, TCP/IP, optimization, and proxy services.","3","","Computer & Information Science & Engineering","Ye Xia"
"CNT6885","Distributed Multimedia Systems","Design issues; survey of recent advances, including compression, networking, and operating system issues.","3","","Computer & Information Science & Engineering","Jonathan Kavalan"
"COP3502C","Programming Fundamentals 1","First course of a two-semester introductory sequence for those planning further study in computer science, digital arts and sciences or computer engineering. Concepts of computer science and the process of computer programming, including object-oriented programming, procedural and data abstraction and program modularity.","4","Coreq: MAC 2311.","Computer & Information Science & Engineering","Ashish Aggarwal"
"COP3503C","Programming Fundamentals 2","Second course of a two-semester introductory sequence for those planning further study in computer science, digital arts and sciences or computer engineering. Concepts of computer science and the process of computer programming, including object-oriented programming, procedural and data abstraction and program modularity.","4","Prereq: COP 3502C and MAC 2311 both with minimum grades of C.","Computer & Information Science & Engineering","Fatemeh Tavassoli"
"COP3530","Data Structures and Algorithm","Algorithm development using pseudo languages, basic program structures, program design techniques, storage and manipulation of basic data structures like arrays, stacks, queues, sorting and searching and string processing. Linked linear lists. Trees and multilinked structures.","3","Prereq: (COP 3504 or COP 3503) and COT 3100 and (MAC 2234 or MAC 2312 or MAC 2512 or MAC 3473), all with a minimum grade of C.","Computer & Information Science & Engineering","Amanpreet Kapoor"
"COP4020","Programming Language Concepts","Introduces programming language principles, including language constructs, design goals, run-time structures, implementation techniques and exposure to a wide variety of programming paradigms.","3","Prereq: COP 3530.","Computer & Information Science & Engineering","William Anderson"
"COP4331","Object-oriented Programming","Fundamental conceptual models for programming languages illustrated with specific programming languages and application problems. Specific topics include class and object models, inheritance among classes, objects and static and dynamic systems and implementations.","3","Prereq: COP 3530.","Computer & Information Science & Engineering","William Anderson"
"COP4533","Algorithm Abstraction and Design","Covers algorithmic concepts and their use rooted in practical application and computer science theory. Topics include algorithmic paradigms, limits of computing, and algorithm time complexity classes.","3","Prereq: COP 3530.","Computer & Information Science & Engineering","Christina Boucher"
"COP4600","Operating Systems","Design and implementation of various components of a modern operating system, including I/O programming, interrupt handling, process and resource management, computer networks and distributed systems.","3","Prereq: CDA 3101 and COP 3530; knowledge of C or C++ recommended.","Computer & Information Science & Engineering","Alexandre Gomes de Siqueira"
"COP5536","Advanced Data Structures","Development of efficient data structures used to obtain more efficient solutions to classical problems, such as those based on graph theoretical models, as well as problems that arise in application areas of contemporary interest.","3","Prereq: Undergraduate data structures.","Computer & Information Science & Engineering","Sartaj Sahni"
"COP5556","Programming Language Principles","History of programming languages, formal models for specifying languages, design goals, run-time structures, and implementation techniques, along with survey of principal programming language paradigms.","3","","Computer & Information Science & Engineering","Alin Dobra"
"COT3100","Applications of Discrete Structures","Covers the mathematics of discrete events; i.e., events that involve distinct elements, finite structures of distinct elements or finite sampled versions of continuous phenomena (such as movement).","3","Prereq: (MAC 2311 or MAC 3472) and (COP 3502C or equivalent), all with a minimum grades of C; Coreq: COP 3504 or COP 3503.","Computer & Information Science & Engineering","Peter Dobbins"
"COT4501","Numerical Analysis: a Computational Approach","Numerical integration, nonlinear equations, linear and nonlinear systems of equations, differential equations and interpolation.","3","Prereq: (COP 3504 or COP 3503) and MAS 3114.","Computer & Information Science & Engineering","Kejun Huang"
"COT5520","Computational Geometry","Design, analysis, and implementation of algorithms and date structures to solve geometric problems. Applications in graphics, robotics, computational biology, data mining, and scientific computing. Convex hulls, Voronoi diagrams, triangulations, arrangements, and range searching.","3","Prereq: COP 3530.","Computer & Information Science & Engineering","Alper Ungor"
"EGN4912","Engineering Directed Independent Research","Provides firsthand, supervised research with a faculty advisor or postdoctoral or graduate student mentor. Projects may involve inquiry, design, investigation, scholarship, discovery, or application.","0","Prereq: Department permission.","Computer & Information Science & Engineering","Peter Dobbins"
"EGN5949","Practicum/Internship/Cooperative Work Experience","Practical cooperative engineering work under approved industrial and faculty supervision.","0","Prereq: graduate student.","Computer & Information Science & Engineering","Benjamin Lok"
"EGN6913","Engineering Graduate Research","Course will provide the student with supervised research in a laboratory setting.","0","","Computer & Information Science & Engineering","Benjamin Lok"
"EEE2000","Technology and Its Impact on Society","Learn about electronic technology developments over the last 100 years and their impact on society – entertainment, politics, military, industry, etc.","3","","Electrical and Computer Engineering","Mark Law"
"EEE3308C","Electronic Circuits 1","Fundamentals of electronic circuits and systems. Laboratory.","4","Prereq: EEL 3111C with minimum grade of C.","Electrical and Computer Engineering","Hamed Dalir"
"EEE3396","Solid-State Electronic Devices","Introduces the principles of semiconductor electron device operation. Laboratory.","3","Prereq: EEL 3008.","Electrical and Computer Engineering","Ant Ural"
"EEE4310","VLSI Circuits and Technology 1","Introduction to VLSI circuit technology and manufacturing. Fabrication, device models, layout, parasitics, and simple gate circuits.","3","Prereq: EEE 3308C and EEL 3701C.","Electrical and Computer Engineering","Domenic Forte"
"EEE4329","Future of Microelectronics Technology","Surveys state-of-the-art microelectronics technology and prospects for future technologies. Topics include nanoscale MOSFETs, strained Si, high-k gate dielectrics, carbon nanotubes, molecular electronics and single-electron devices.","3","Prereq: EEE 3396 or equivalent.","Electrical and Computer Engineering","Scott Thompson"
"EEE4423","Introduction to Quantum Computing","Introduces quantum computing concepts and hardware implementations in a self-contained manner and discusses fundamentals of quantum mechanics. Also introduces important concepts of superposition and entanglement, hardware realization of quantum computing technologies, and quantum computing algorithms.","3","Prereq: EEE 3396 with a minimum grade of C and (MAS 3114 with a minimum grade of C or EEL 3850 with a minimum grade of C).","Electrical and Computer Engineering","Jing Guo"
"EEE4511C","Real Time Digital Signal Processing Applications","Real world digital signal processing (DSP) tasks are presented and solved in a lab environment that utilizes a Floating Point DSP and a development simulation and hardware emulation tool. Laboratory.","4","Prereq: EEL 3135 and EEL 3744C.","Electrical and Computer Engineering","Tan Wong"
"EEE4720","Acoustics","Governing equations for wave theory of sound; Character of plane acoustic waves and 3-D acoustic fields; Sound transmission/reflection at an interface between two media; Waves transmission/attenuation inducts; Low frequency approximations (lumped-element modeling) and transducers; sources of sound.","3","Prereq: MAP 2302 and (EEL 3111C or EEL 3003) with minimum grades of C or instructor permission.","Electrical and Computer Engineering","Mark Sheplak"
"EEE4773","Fundamentals of Machine Learning","Overview of machine intelligence and the role of machine learning in a variety of real-world problems. Probability and statistics to handle uncertain data. Topics covered include: learning models from data in both a supervised and unsupervised fashion, linear models and non- linear models for classification, and linear dimensionality reduction.","3","Prereq: EEL 3135 and EEL 3850 with minimum grades of C.","Electrical and Computer Engineering","Catia Silva"
"EEE4800","Neural Signals, Systems, and Technology","Biophysical principles of neural signaling; characterization of neural circuits and systems; technology design principles for interfacing with biological neural systems; overview of clinical and consumer applications for neurotechnology and artificial intelligence.","3","Prereq: EEL 3850 with a minimum grade of C.","Electrical and Computer Engineering","Karim Oweiss"
"EEE5283","Neural Signals, Systems and Technology","Biophysical principles of neural signaling, characterization of neural circuits and systems, technology design principles for interfacing with biological neural systems, overview of clinical applications and industrial opportunities for neurotechnology.","3","Prereq: Graduate standing in engineering and/or neuroscience or undergraduate senior standing with consent of instructor.","Electrical and Computer Engineering","Karim Oweiss"
"EEE5322","VLSI Circuits and Technology 1","Introduction to VLSI circuit technology and manufacturing. Fabrication, device models, layout, parasitics, and simple gate circuits.","3","Prereq: Electronic Circuits. Students may not take this course if they have already taken EEE 4310.","Electrical and Computer Engineering","Domenic Forte"
"EEE5354L","Semiconductor Device Fabrication Laboratory","This course will be offering hands-on experience in semiconductor material characterization and device fabrication techniques.","3","","Electrical and Computer Engineering","Jack Judy"
"EEE5364","Fundamentals of Data Converters","Exploring different data conversion techniques with an emphasis on IC implementation. Discussion of circuit building blocks and the effects of their non-idealities in the overall system performance will be analyzed.","3","Prereq: Basic Electronic Circuits.","Electrical and Computer Engineering","Nima Maghari"
"EEE5400","Future of Microelectronics Technology","Survey of state-of-the-art microelectronics technology and prospects for future technologies. Nanoscale MOSFETs, strained Si, high-K gate dielectrics, carbon nanotubes, molecular electronics, and single-electron devices.","3","Prereq: Solid State Devices.  Students may not take this course if they have already taken EEE4329.","Electrical and Computer Engineering","Scott Thompson"
"EEE5467","Micro/Nano Machined Metamaterials","Study course on the micro-/nano machined metamaterials and their applications for radio frequency (RF) and microwave devices including transmission line, waveguides, resonators, filters, and antennas.","3","Prereq: Electromagnetic Fields and Applications","Electrical and Computer Engineering","Yong-Kyu Yoon"
"EEE5590","Introduction to Quantum Computing","Introduces quantum computing concepts and the hardware implementations in a self-contained manner to Electrical and Computer Engineering students. Teaches fundamentals of quantum mechanics and introduces important concepts of superposition and entanglement, hardware realization of quantum computing technologies and quantum computing algorithms.","3","Prereq: Solid State Devices and linear algebra or equivalent","Electrical and Computer Engineering","Jing Guo"
"EEE5725","Acoustics","Governing equations for wave theory of sound; Character of plane acoustic waves and 3-D acoustic fields; Sound transmission/reflection at an interface between two media; Waves transmission/attenuation inducts; Low frequency approximations (lumped-element modeling) and transducers; sources of sound.","3","Prereq: Permission of instructor.  Students may not take this course if they have already taken EEE4720.","Electrical and Computer Engineering","Mark Sheplak"
"EEE6321","Analog IC Design II","Design of analog circuits in CMOS IC technology. MOS switches, MOS op amp circuits, circuit simulation using SPICE.","3","Prereq: EEE 5320 .","Electrical and Computer Engineering","Nima Maghari"
"EEE6323","VLSI Circuits and Technology 2","Advanced very large scale integrated circuit design, testability, and performance evaluation. Use of industrial VLSI software. Building an advanced CMOS VLSI circuit.","3","Prereq: EEE 5322 .","Electrical and Computer Engineering","Swarup Bhunia"
"EEE6431","Carbon Nanotubes","Basic semiconductor and solid-state physics of carbon nanotubes, nanotube geometrical and electronic structure, and current nanotube research.","3","Prereq: EEE 5426.","Electrical and Computer Engineering","Ant Ural"
"EEE6465","Design of MEMS Transducers","Design of MEMS transducer systems with physical, technological and economic constraints.","3","Prereq: EEL 5225.","Electrical and Computer Engineering","Toshikazu Nishida"
"EEE6512","Image Processing and Computer Vision","Pictorial data representation; feature encoding; spatial filtering; image enhancement; image segmentation; cluster seeking; two-dimensional z-transforms; scene analysis; picture description language; object recognition; pictorial database; interactive graphics; picture understanding machine.","3","Prereq: Digital Signal Processing.","Electrical and Computer Engineering","Damon Woodard"
"EEE6545","Stochastic Methods for Engineering 2","An introduction to stochastic process theory with emphasis on applications to communications, control, signal processing and machine learning. The course covers basic models, including Markov processes, and how they lead to algorithms for classification prediction, inference and model selection.","3","Prereq: EEE 5544. Experience with Matlab or Python is essential.","Electrical and Computer Engineering","Sean Meyn"
"EEL3000","Introduction to Electrical Engineering","Introduces the profession of electrical engineering. Presents career development and enhancement, professional codes of conduct, ethics, entrepreneurship, intellectual property, professional societies. Projects provide hands-on experience with soldering, MATLAB programming, and microcontrollers.","2","Prereq: MAC 2311 with minimum grade of C or appropriate AP/IB score and Electrical Engineering majors only.","Electrical and Computer Engineering","Mark Law"
"EEL3008","Physics of Electrical Engineering","Introduces the fundamental physics underlying components and devices and their application to electronics, power, and wireless.","3","Prereq: EEL 3111C and MAC 2313 and MAP 2302.","Electrical and Computer Engineering","Yingying Wu"
"EEL3111C","Circuits 1","Basic analysis of DC and AC electric circuits. Laboratory.","4","Prereq: MAC 2312 and PHY 2049.","Electrical and Computer Engineering","Keith Rambo, Erin Patrick"
"EEL3112","Circuits 2","Continuous-time signals and linear systems: Fourier series and transforms, frequency, response, Laplace transform and system function, analog filters; emphasis on electrical circuits. Sampling.","3","Prereq: EEL 3000 and EEL 3111C and EEL 3135 and EGN 2020C and MAP 2302, all with minimum grades of C.","Electrical and Computer Engineering","Mark Sheplak"
"EEL3135","Introduction to Signals and Systems","Continuous-time and discrete-time signal analysis including Fourier series and discrete-time and discrete Fourier transforms; sampling; discrete-time linear system analysis with emphasis on FIR and IIR systems: impulse response, frequency response, and system function; MATLAB-based programming for Signals and Systems.","4","Prereq: MAC 2313 and (EEL 3834 or COP 3503Cor COP 3504C or COP 2274) all with minimum grades of C.","Electrical and Computer Engineering","Sanjeev Koppal, Joel Harley"
"EEL3402","Remote Sensing in Engineering: Science, Sensors and Applications","Remote sensing theory, systems and applications using information obtained from the visible/near infrared, thermal infrared and microwave regions of the EM spectrum.","3","Prereq: MAP 2302 or equivalent.","Electrical and Computer Engineering","Jasmeet Judge"
"EEL3472","Fundamentals of Electromagnetic Fields","Transmission lines, vector analysis, electrostatics, magnetostatics, time-varying fields, plane waves.","3","Prereq: EEL 3008.","Electrical and Computer Engineering","Vladimir Rakov"
"EEL3701C","Digital Logic and Computer Systems","Overview of logic design, algorithms, computer organization and assembly language programming and computer engineering technology. Laboratory.","4","Prereq: Knowledge of a programming language.","Electrical and Computer Engineering","Eric Schwartz"
"EEL3834","Programming for Electrical Engineering 1","Develops computer skills and the art of writing sound computer programs using examples and exercises relevant to electrical and computer engineering.","3","","Electrical and Computer Engineering","Zoleikha Biron"
"EEL3850","Data Science for ECE","Analysis, processing, simulation, and reasoning of data. Includes data conditioning and plotting, linear algebra, statistical methods, probability, simulation, and experimental design.","4","Prereq: MAC 2312 and (EEL 3834 or COP 3503 or COP 3504C or COP 2274), all with minimum grades of C.","Electrical and Computer Engineering","Kamran Mohseni, John Shea"
"EEL3923C","Electrical Engineering Design 1","Teams design, produce, and report on a hardware prototype, meeting defined specifications and using a structured design methodology. Includes project management, hardware prototyping, and project reporting.","3","Prereq: (EEE 3308C and EEL 3112 and EEL 3701C with minimum grades of C) and 2 courses from breadth elective list.","Electrical and Computer Engineering","Erin Patrick, Michael Stapleton, Eric Liebner"
"EEL4251","Power System Analysis","Development of power system equivalents by phase network analysis, load flow, symmetrical components, sequence networks, and fault analysis.","3","Prereq: EEL 3211C.","Electrical and Computer Engineering","Keith Rambo"
"EEL4599","Wireless and Mobile Networks","Senior-level study of wireless and mobile networks. Investigates telecommunication architectures and protocols for wireless sensor networks and wireless embedded systems; Wi-Fi and wireless local area networks; mobile ad-hoc networks; next generation cellular systems and satellite networks.","3","Prereq: EEL 3701C.","Electrical and Computer Engineering","Janise Mcnair"
"EEL4610","State Variable Methods in Linear Systems","Development of state-variable approach to linear continuous-time and discrete-time systems with emphasis on the design of feedback control systems.","3","Prereq: EEL 4657C.","Electrical and Computer Engineering","Jie Fu"
"EEL4712C","Digital Design","Advanced modular logic design, design languages, finite state machines and binary logic. Laboratory.","4","Prereq: EEL 3701C.","Electrical and Computer Engineering","Rickard Ewetz"
"EEL4713C","Digital Computer Architecture","The use of electronic digital modules to design computers. Includes the organization and operation of computers, hardware/software trade-offs and design of computer interfacing. Laboratory.","4","Prereq: EEL 3701C and EEL 4712C.","Electrical and Computer Engineering","Guanpeng Li"
"EEL4732","Advanced Systems Programming","Develop a deep understanding of operating system concepts and systems programming fundamentals and gain hands-on experience in systems programming by using Pthreads as well as implementing Linux device drivers and testing/verifying systems code for deadlock and race-freedom.","3","Prereq: EEL 3701C and (COP 2271 or COP 2273 or COP 2274 or COP 3502 or COP 3502C or COP 3503 or COP 3503C or COP 3504 or COP 3504C or EEL 3834 or equivalent) and COP 4600.","Electrical and Computer Engineering","Tuba Yavuz"
"EEL4744C","Microprocessor Applications","Experience in the elements of microprocessor-based systems, hardware interfacing and software design for their application. Laboratory.","4","Prereq: EEL 3701C (with minimum grade of C) and (EEL 3834 or COP 3503C or COP 3504C or COP 2274 or equivalent with minimum grades of C).","Electrical and Computer Engineering","Eric Schwartz"
"EEL4837","Programming for Electrical Engineering 2","Fundamentals of data structures and algorithms, including lists, queues, stacks, divide-and-conquer, dynamic programming, trees, tables, graphs and recursive techniques. The role of specific data structures in electrical engineering applications.","3","Prereq: EEL 3834 or COP 2274 or COP 3503C or COP 3504C or equivalent, all with minimum grades of C.","Electrical and Computer Engineering","SANDIP RAY"
"EEL4853","Cross Layered System Security","Develop an understanding of the principles of computer security, as it crosses layers of abstraction (application, operating system, hardware, and network). Learn the challenges of building secure computer systems with examples and hands-on assignments. Current research on these challenges will be discussed. Students will review and present conference papers.","3","Prereq: (EEL 3834 or COP 3503C or COP 3504C or COP 2274 or equivalent) and (EEL 4736 or equivalent), all with a minimum grades of C.","Electrical and Computer Engineering","Janise Mcnair"
"EEL4905","Individual Problems in Electrical Engineering","Selected problems or projects in the student's major field of engineering study.","0","","Electrical and Computer Engineering",""
"EEL4924C","Electrical Engineering Design 2: ELEC ENGR DESIGN 2","Selected design projects involving engineering applications in the various areas of electrical engineering.  Laboratory.","3","Prereq: EEL 3923C and two breadth electives and one depth elective.","Electrical and Computer Engineering","Bill Eisenstadt, Michael Stapleton"
"EEL4930","Special Topics in Electrical Engineering: Power Electronics II","Special courses covering selected topics in electrical engineering.","3","","Electrical and Computer Engineering","Christophe Bobda, Uf Staff"
"EEL4948","Practical Work in Electrical and Computer Engineering","One term industrial employment, including extra work according to a pre-approved outline. Practical engineering work under industrial supervision, as set forth in the Herbert Wertheim College of Engineering regulations.","3","Prereq: EEL 3111C and EEL 3701C and sophomore standing or consent of undergraduate coordinator/supervising faculty mentor. Must have a full time internship defined as working for a minimum of 40 hours per week for a minimum of 10 weeks (400 hours).","Electrical and Computer Engineering",""
"EEL5182","State Variable Methods in Linear Systems","Linear algebra and state variable methods for design and analysis of discrete and continuous linear systems.","3","Prereq: Linear Controls.  Students may not take this course if they have already taken EEL4610.","Electrical and Computer Engineering","Jie Fu"
"EEL5733","Advanced Systems Programming","Develop a deep understanding of operating system concepts and systems programming fundamentals and gain hands-on experience in systems programming by using Pthreads as well as implementing Linux device drivers and testing/verifying systems code for deadlock and race-freedom.","3","Prereq: Operating Systems and Architecture (Prerequisites allow students to register for course without departmental intervention. Students are expected to review the syllabus and consult the instructor if they have questions regarding prerequisites.)","Electrical and Computer Engineering","Tuba Yavuz"
"EEL5737","Principles of Computer System Design","This class will be providing a broad introduction to the main principles and abstractions for engineering hardware and software systems, and in-depth studies of their use on computer systems across a variety of designs, be it in operating system, a client/server application, a database server, or a fault-tolerant disk cluster.","3","Prereq: Dig. Des. and Comp. Prog.. The project’s programming component uses a scripting language (Python) and requires basic understanding of data structures, algorithms, and Unix. Students may not take this course if they have taken EEL 4736.","Electrical and Computer Engineering","Jose Fortes"
"EEL5739","IoT Security and Privacy","Introduce the advanced topics of IoT security and privacy challenges. Systematically analyze IoT security from hardware, communication, and system perspectives.","3","Prereq: Knowledge of microprocessor applications and proficiency in programming in C.","Electrical and Computer Engineering","Christophe Bobda"
"EEL5840","Fundamentals of Machine Learning","Engineering and hardware concepts pertaining to design of intelligent computer systems.","3","Prereq: None; Students may not take this course if they have already taken EEE 4773.","Electrical and Computer Engineering","Catia Silva"
"EEL5855","Cross Layered Systems Security","Develop an understanding of the principles of computer security, as it crosses layers of abstraction (application, operating system, hardware and network). Students will learn challenges of building secure computer systems with examples and hands-on assignments. Current research on these challenges will be discussed. Students will review and present conference papers.","3","Prereq: Programming knowledge & Principles of computer systems design knowledge","Electrical and Computer Engineering","Janise Mcnair"
"EEL5905","Individual Work","Selected problems or projects.","0","Prereq: consent of adviser.","Electrical and Computer Engineering",""
"EEL5934","Special Topics in Electrical Engineering: Autonomous Robots","Special Topics in Electrical Engineering","3","","Electrical and Computer Engineering","Md Jahidul Islam"
"EEL6246","Power Electronics II","Advanced topics including the modeling of single and three-phase power electronics systems, control design for single and three-phase power electronics systems, reduction and modeling of EMI for power electronics systems and resonant power converters.","3","Prereq: EEE 5317C or equivalent.","Electrical and Computer Engineering","Christophe Bobda"
"EEL6487","Electromagnetic Field Theory and Applications II","Electromagnetic radiation, antennas, wave propagation in anisotropic media.","3","Prereq: EEL 5486.","Electrical and Computer Engineering","Robert Moore"
"EEL6532","Information Theory","Applications of information theory to communications and other releated areas.","3","Prereq: EEE 5544 or equivalent.","Electrical and Computer Engineering","Mingyue Ji"
"EEL6533","Data Analytics and Decision Sciences","Hypothesis testing of signals in the presence of noise by Bayes, Neyman-Pearson, minimax criteria; estimation of signal parameters.","3","Prereq: EEE 5544.","Electrical and Computer Engineering","Jian Li"
"EEL6537","Spectral Sensing and Sparse Signal Recovery","Measurement and analysis of signals and noise. Digital filtering and spectral analysis; fast Fourier transform.","3","Prereq: EEE 5544, EEE 5502 .","Electrical and Computer Engineering","Jian Li"
"EEL6591","Wireless Networks","Design and analysis of wireless networks including channel characteristics, physical layer, cellular concepts, multiple access control protocols, FEC and ARQ protocols, resource allocation, and wireless standards.","3","Prereq: EEL 5718 and knowledge of probability and statistics.","Electrical and Computer Engineering","Jie Xu"
"EEL6761","Cloud Computer Systems and Applications","A broad introduction to cloud and distributed computing, big data platforms and intelligent platforms. It covers system architecture, programming models, algorithmic design, and big data applications. Selected applications will be used as case studies.","3","Prereq: EEL 5737 or EEL 5764. Instructor approval possible if student demonstrates familiarity with algorithms, data structure, computer systems, and programming (such as Java, Python, C/C++, Go, Scala).","Electrical and Computer Engineering","Jose Fortes"
"EEL6763","Parallel Computer Architecture","Advanced architecture emphasizing design and quantitative analysis of parallel architecture and systems, including theory, hardware technologies, parallel and scalable architectures, and software constructs.","3","Prereq: EEL 5764.","Electrical and Computer Engineering","Herman Lam"
"EEL6905","Individual Work","Selected problems or projects.","0","Prereq: consent of adviser.","Electrical and Computer Engineering",""
"EEL6933","Electrical and Computer Engineering Graduate Seminar","Exploring ECE research through presentations by faculty members, graduate students, and invited speakers.","1","Prereq: Graduate student status","Electrical and Computer Engineering","Christophe Bobda"
"EEL6935","Special Topics in Electrical Engineering: From Qubits to Quantum Sensors","Special Topics in Electrical Engineering","3","","Electrical and Computer Engineering","Elham Heidari"
"EEL6940","Supervised Teaching","Supervised Teaching","0","","Electrical and Computer Engineering","Christophe Bobda"
"EEL6971","Research for Master's Thesis","Research for Master's Thesis","0","","Electrical and Computer Engineering",""
"EEL7979","Advanced Research","Research for doctoral students before admission to candidacy. Designed for students with a master's degree in the field of study or for students who have been accepted for a doctoral program. Not appropriate for students who have been admitted to candidacy.","0","","Electrical and Computer Engineering",""
"EEL7980","Research for Doctoral Dissertation","Research for Doctoral Dissertation","0","","Electrical and Computer Engineering",""
"MAA4102","Introduction to Real Analysis 1","Theory of real numbers, functions of one variable, sequences, limits, continuity and differentiation; continuity and differentiability of functions of several variables. Those who plan to do graduate work in mathematics should take MAA 4211. Credit will be given for, at most, one of MAA 4102, MAA 4211, or MAA 5104.","3","Prereq: (MAC 2313 or MAC 3474) and (MAS 4105 or MAS 3114) with minimum grades of C.","Mathematics","Jason Nowell, Chamila Malagoda Gamage"
"MAA4103","Introduction to Real Analysis 2","Continues the advanced calculus for engineers and physical scientists sequence. Theory of integration, transcendental functions and infinite series. MAA 4102 is not recommended for those who plan to do graduate work in mathematics; these students should take MAA 4212. Credit will be given for, at most, one of MAA 4103, MAA 4212 and MAA 5105.","3","Prereq: MAA 4102 with minimum grade of C.","Mathematics","Cheng Yu"
"MAA4212","Real Analysis and Advanced Calculus 2","Continues the advanced calculus sequence in limits, differentiation, integration and series. Credit will be given for, at most, one of MAA 4212, MAA 4103 and MAA 5105.","3","Prereq: MAA 4211 with minimum grade of C, taken the previous semester.","Mathematics","Jeremy Booher"
"MAA4227","Introduction to Modern Analysis 2","Continues the modern analysis sequence discussing the topology of metric spaces, numerical sequences and series, continuity, differentiation, the Riemann-Stieltjes integral, sequences and series of functions, the Stone-Weierstrass theorem, functions of several variables, Stokes' theorem and the Lebesgue theory. Credit will be given for, at most, MAA 4227 or MAA 5229.","3","Credits: 3; Prereq: MAA 4226 with minimum grade of C, taken the previous semester.","Mathematics","Michael Jury, Libin Rong"
"MAA4402","Functions of a Complex Variable","Complex numbers, analytic functions, Cauchy-Riemann equations, harmonic functions, elementary functions, integration, Cauchy-Goursat theorem, Cauchy integral formula, infinite series, residues and poles, conformal mapping. Credit will be given for, at most, MAA 4402 or MAA 5404.","3","Prereq: (MAC 2313 or MAC 3474) and MAP 2302 with minimum grades of C.","Mathematics","Paul Robinson, Luca Di Cerbo, Eric Evert, Frank Garvan"
"MAA5104","Advanced Calculus for Engineers and Physical Scientists I","Advanced Calculus for Engineers and Physical Scientists I","3","","Mathematics","Jason Nowell"
"MAA5105","Advanced Calculus for Engineers and Physical Scientists II","Advanced Calculus for Engineers and Physical Scientists II","3","Prereq: MAA 5104.","Mathematics","Cheng Yu"
"MAA5229","Modern Analysis II","Modern Analysis II","3","Prereq: MAA 5228.","Mathematics","Michael Jury, Libin Rong"
"MAA5404","Introduction to Complex Variables for Engineers and Physical Scientists","Introduction to Complex Variables for Engineers and Physical Scientists","3","","Mathematics","Luca Di Cerbo, Paul Robinson, Frank Garvan, Eric Evert"
"MAA6617","Analysis II","Continuation of MAA 6616 Analysis I.","3","Prereq: MAA 6616.","Mathematics","Scott Mccullough"
"MAC1105","Basic College Algebra","In this course, students will develop problem solving skills, critical thinking, computational proficiency, and contextual fluency through the study of equations, functions, and their graphs. Emphasis will be placed on quadratic, exponential, and logarithmic functions. Topics will include solving equations and inequalities, definition and properties of a function, domain and range, transformations of graphs, operations on functions, composite and inverse functions, basic polynomial and rational functions, exponential and logarithmic functions, and applications.","3","Prereq: completion of the ALEKS placement exam.","Mathematics","Lezhi Liu, Leo Adaryukov, Kirby Brown"
"MAC1114","Trigonometry","Trigonometric functions and their properties and graphs, inverse trigonometric functions and their properties and graphs, trigonometric identities, conditional trigonometric equations, solutions of triangles, and applications.","2","","Mathematics","George Roman, Zachariah Ross, Fatima Akinola, Justin Young, Brendan Williams, David Maynoldi"
"MAC1140","Precalculus Algebra","College algebra, functions, coordinate geometry, exponential and logarithmic functions. (M)","3","Prereq: MAC 1105 with a minimum grade of C or (ALEKS >=46%).","Mathematics","Jason Nowell, Yazan Alamoudi"
"MAC1147","Algebra and Trigonometry","College algebra, functions, coordinates geometry, exponential and logarithmic functions, and trigonometry. This fast-paced course is designed as a review of algebra and trigonometry to prepare the student for calculus. This course assumes prior knowledge of intermediate algebra (algebra 2) and trigonometry.","4","Prereq: ALEKS >=61%, if taken January 1, 2020 or later, or ALEKS >= 50, if taken before January 1, 2020.","Mathematics","Patrick Carmichael, Okon Emmanuel, Satyanath Howladar"
"MAC2233","Survey of Calculus 1","Geometric and heuristic approach to calculus; differentiation and integration of simple algebraic and exponential functions; applications to graphing, marginal analysis, optimization, areas and volumes.","3","Prereq: Any of: min acceptable score on the online math placement exam; min grade of C in MAC1140 or higher; AP cr. for MAC2311; IB cr. for MAC1140 or higher. Course grades, AP/IB scores used to meet this prereq must be on file at UF by registration.","Mathematics","ALEXANDER YORK, Libin Rong, Valentino Vito, Larissa Williamson"
"MAC2234","Survey of Calculus 2","Sequences, geometric and Taylor series; systems of linear equations, Gaussian elimination, matrices, determinants and vectors; partial differentiation, multiple integrals; applications to marginal analysis, least-squares and Lagrange multipliers. (M)","3","Credits: 3; Prereq: MAC 2233 with minimum grade of C, or the equivalent.","Mathematics","Kevin Knudson, Jiun Cho"
"MAC2311","Analytic Geometry and Calculus 1","In this course, students will develop problem solving skills, critical thinking, computational proficiency, and contextual fluency through the study of limits, derivatives, and definite and indefinite integrals of functions of one variable, including algebraic, exponential, logarithmic, and trigonometric functions, and applications. Topics will include limits, continuity, differentiation and rates of change, optimization, curve sketching, and introduction to integration and area.","4","Prereq: Any of: min. acceptable score on the online math placement exam; a grade of C in MAC1147 or higher; AP cr. for MAC 2311; IB cr. for MAC1147 or higher. Course grades, AP/IB scores used to meet this prereq must be on file at UF by registration.","Mathematics","John Streese, Maguette Beye, Julian Michele, Aleksandr Mkrtchyan, Cayley Robinson, Laureline Polli, Quinn Hartman, Jensen Bridges, Jenna Fant, Aritram Dhar"
"MAC2312","Analytic Geometry and Calculus 2","Techniques of integration; applications of integration; differentiation and integration of inverse trigonometric, exponential and logarithmic functions; sequences and series. (Note: Credit will be given for at most one of MAC 2312, MAC 2512 and MAC 3473.)","4","Prereq: MAC 2311 or MAC 3472 with a minimum grade of C.","Mathematics","Kwai-Lee Chui, Stephen Adams, Carl Ye, Parisa Azizi, Avi Mukhopadhyay, Joseph Litvin, Saketh Narayanan, Jack Chou, Lauren Craddock, Minseo Cho, Harris Barton, Robin Maier, Harshika Rathi, Madeline Berryman-Dages, Emma Thomas, Theodosios Aivalis, Vangmay Jayant, Nolan Ison, Joshua Arroyo"
"MAC2313","Analytic Geometry and Calculus 3","Solid analytic geometry, vectors, partial derivatives, multiple integrals. (Note: Credit will be given for at most one of MAC 2313 and MAC 3474.)","4","Prereq: MAC 2312 or MAC 2512 or MAC 3473 with a minimum grade of C.","Mathematics","Missy Shabazz, Alexander Wong, Erik Shute, Willard Keeran, Thomas Garrison, Collin Stebbins, Luke Fontan, Abby Owens White, Michael Waite, Xiaochen Duan, Vincent Holmlund, Umesha Wijerathne, Hemaho Beaugard Taboe, Michael Maiello, Maitreyo Bhattacharjee, Jasen Lai, Aditya De Saha"
"MAD2502","Intro to Computational Math","Introduces mathematical computation and the Python programming language. Emphasizes using mathematical algorithms to solve problems in analysis, number theory, combinatorics, algebra, linear algebra, numerical analysis, and probability.","3","Prereq: MAC 2311 or MAC 3472, minimum grade of C.","Mathematics","Jason Harrington, Oluwabukunmi Adedeji"
"MAD4204","Introduction to Combinatorics 2","Matching theory, block designs, finite projective planes and error-correcting codes. Does not require MAD 4203.","3","Prereq: (MAC 2312 or MAC 2512 or MAC 3473) and (MAS 3300 or MHF 3202) with minimum grades of C.","Mathematics","Miklos Bona"
"MAD4301","Graph Theory","Theory and applications of graphs including connectivity, planarity, coloration, algorithms, and network flow.","3","Prereq: MAS 3300 with a minimum grade of C or MHF 3202 with a minimum grade of C.","Mathematics","Andrew Vince, Libin Rong"
"MAD4401","Introduction to Numerical Analysis","Numerical integration, nonlinear equations, linear and nonlinear systems of equations, differential equations and interpolation.","3","Prereq: MAS 3114 or MAS 4105 with a minimum grade of C and experience with a scientific programming language.","Mathematics","Jason Harrington, Nan Jiang, Dylan Connell"
"MAD6407","Numerical Analysis","Numerical techniques to solve systems of nonlinear equations to approximate functions, to compute derivatives, to evaluate integrals, and to integrate systems of differential equations. Introduction to numerical techniques for partial differential equations. Companion to MAD 6406.","3","Prereq: MAA 4212, MAA 5105, or MAA 5229; and programming language.","Mathematics","Sara Pollock"
"MAD7397","Topics in Combinatorial Theory II","Topics in Combinatorial Theory II","3","Prereq: MAD 7396.","Mathematics","Zachary Hamaker"
"MAE6940","Supervised Teaching","Supervised Teaching","0","Prereq: consent of graduate adviser.","Mathematics",""
"MAE6943","Internship in College Teaching","Internship in College Teaching","3","Prereq: consent of graduate adviser.","Mathematics",""
"MAP2302","Elementary Differential Equations","First-order ordinary differential equations, theory of linear ordinary differential equations, solution of linear ordinary differential equations with constant coefficients, the Laplace transform and its application to solving linear ordinary differential equations. (M)","3","Prereq: MAC 2312 or MAC 2512 or MAC 3473 with a minimum grade of C.","Mathematics","ALEXANDER YORK, Carol Demas, Chamila Malagoda Gamage, Wanchen Zhao, David Groisser, Larissa Williamson"
"MAP4102","Probability Theory and Stochastic Processes 2","Random walks and Poisson processes, martingales, Markov chains, Brownian motion, stochastic integrals and Ito's formula.","3","Prereq: STA 4321 with a minimum grade of C.","Mathematics","Arnaud Marsiglietti"
"MAP4305","Differential Equations for Engineers and Physical Scientists","The second course in differential equations. Topics include systems of linear differential equations, stability theory and phase plane analysis, power series solutions of differential equations, Sturm-Liouville boundary-value problems and special functions. Credit will be given for, at most, MAP 4305 or MAP 5304.","3","Prereq: MAP 2302 and (MAS 3114 or MAS 4105 or EGM 3344) with minimum grades of C.","Mathematics","Thialita Nascimento, Eros M Sunny, Maia Martcheva, Paul Robinson, Jacob Levenson"
"MAP4314","Dynamical Systems and Chaos","General theory of initial value problems, linear systems and phase portraits, linearization of nonlinear systems, stability and bifurcation theory, an introduction to chaotic dynamics","3","Prereq: MAP 2302 and (MAS 3114 or MAS 4105) with minimum grades of C.","Mathematics","Tracy Stepien"
"MAP4341","Elements of Partial Differential Equations","Introduces second-order linear partial differential equations (heat, wave and Laplace equations), separation of variables in PDEs, Sturm-Liouville eigenvalue problems, method of eigenfunction expansions (Fourier analysis) and Green's functions. Possible introduction to first-order PDEs and the method of characteristics. Credit will be given for, at most, MAP 4341 or MAP 5345.","3","Prereq: MAP 2302 and MAP 4305 with minimum grades of C.","Mathematics","Sergei Shabanov"
"MAP4413","Fourier Analysis","Introduces linear systems and transforms; Laplace, Fourier and Z transforms and their mutual relationship; convolutions. Operational calculus; computational methods including the fast Fourier transform; second-order stationary processes and their autocorrelation functions; and problems of interpolation, extrapolation, filtering and smoothing of second-order stationary processes.","3","Prereq: (MAC 2313 or MAC 3474) and MAP 2302 and (MAS 3114 or MAS 4105) with minimum grades of C.","Mathematics",""
"MAP5304","Intermediate Differential Equations for Engineers and Physical Scientists","Intermediate Differential Equations for Engineers and Physical Scientists","3","","Mathematics","Thialita Nascimento, Paul Robinson"
"MAP5345","Introduction to Partial Differential Equations","Introduction to Partial Differential Equations","3","","Mathematics","Sergei Shabanov"
"MAP6208","Numerical Optimization","Unconstrained and constrained optimization, linear and nonlinear programming, gradient, multiplier, and quasi-Newton methods. Penalty, multiplier, and projection methods for constrained problems.","3","Prereq: MAD 6406 and MAD 6407 or consent of instructor.","Mathematics","William Hager"
"MAP6327","Applied Differential Equations I","Theory and methods for solving linear and nonlinear systems of differential equations and partial differential equations. Applications and computer techniques included.","3","Prereq: MAA 5229.","Mathematics","Tracy Stepien"
"MAP6357","Partial Differential Equations II","Partial Differential Equations II","3","Prereq: MAP 6356.","Mathematics","Lei Zhang"
"MAP6473","Probability and Potential Theory II","Probability and Potential Theory II","3","Prereq: MAP 6472","Mathematics","Arnaud Marsiglietti"
"MAP6488","Biomathematics Seminar II","Continuation of MAP 6487.","3","Prereq: MAP 6487.","Mathematics","Sergei Pilyugin"
"MAP6506","Mathematical Methods of Physics and Engineering II","Mathematical Methods of Physics and Engineering II","3","Prereq: MAP 6505.","Mathematics","Sergei Shabanov"
"MAP6941","Internship in Applied Mathematics","Mathematical research on projects sponsored by a university laboratory or an off-campus industrial internship program.","0","Prereq: consent of supervisory committee chair.","Mathematics",""
"MAS3114","Computational Linear Algebra","Linear equations, matrices and determinants. Vector spaces and linear transformations. Inner products and eigenvalues. Emphasizes computational aspects of linear algebra.","3","Prereq: MAC 2312, MAC 2512 or MAC 3473 with a minimum grade of C and experience with a scientific programming language.","Mathematics","Shu Huang, Kushagri Sharma, Dmitrii Smorchkov, Iris Shi, Amit Bhat, Kyle Adams, Michelle Baker"
"MAS4105","Linear Algebra 1","Linear equations, matrices, vector spaces, linear transformations, determinants, eigenvalues and inner-product spaces. Includes both theory and computational skills. Develops the ability to reason through, and coherently write, proofs of theorems. For math majors, this course serves as a transition from a study of techniques into more conceptual math; for engineering and science majors, it serves also as a coherent foundation in linear algebra.","4","Prereq: (MAC 2313 or MAC 3474) and (MAS 3300 or MHF 3202) with minimum grades of C.","Mathematics","Chunmei Wang, Xingjian Xu, Willard Keeran, Jacob Kowalczyk, Henry Adams, Darren Schmidt, Peter Sin, Nan Jiang"
"MAS4115","Linear Algebra for Data Science","A second course in linear algebra, focusing on topics that are the most essential for data science. Introduces theory and numerical methods required for large data-sets and machine learning. Topics include LU, QR, and singular-value decompositions; conditioning and stability; the DFT and filters; deep learning; fully connected and convolutional nets.","3","Prereq: (MAS 3114 or MAS 4105) and MAC 2313.","Mathematics","Youngmin Park, Hubert Wagner"
"MAS4203","Introduction to Number Theory","Introduces elementary number theory and its applications to computer science and cryptology. Divisibility, primes, Euclidean Algorithm, congruences, Chinese Remainder Theorem, Euler-Fermat Theorem and primitive roots. Selected applications to decimal fractions, continued fractions, computer file storage and hashing functions, and public-key cryptography.","3","Prereq: MAC 2312 and (MAC 2512 or MAC 3473) with a minimum grade of C; MAS 3300 recommended.","Mathematics","Alexander Berkovich"
"MAS4301","Abstract Algebra 1","Sets and mappings, groups and subgroups, homomorphisms and isomorphisms, permutations, rings and domains, arithmetic properties of domains, and fields. Requires facility in writing proofs.","3","Prereq: (MAS 3300 or MHF 3202 with a minimum grade of B) or MAS 4105 with a minimum grade of C.","Mathematics","Alexander Berkovich, Zachary Hamaker, Alexandre Turull"
"MAS4302","Abstract Algebra 2","A second course in Abstract Algebra, focusing on Galois Theory, the algebraic theory of fields and polynomial equations. Introduces concepts of abstract algebra used in settling famous historical problems including the problems of angle trisection and duplication of cubes by ruler and compass constructions, and the insolubility of polynomial equations of the fifth degree by radicals.","3","Prereq: MAS 4301.","Mathematics","Kevin Keating"
"MAS6332","Algebra II","Algebra II","3","Prereq: MAS 6331.","Mathematics","Kevin Keating, Libin Rong"
"MAS7216","Theory of Numbers II","Theory of Numbers II","3","Prereq: MAS 7215.","Mathematics","Krishnaswami Alladi"
"MAS7397","Topics in Algebra II","Topics in Algebra II","3","","Mathematics","Alexandre Turull"
"MAT4905","Individual Work","Special topics not obtainable in regular course offerings.","0","Prereq: MAC 2313 or MAC 3474 with a minimum grade of C and undergraduate coordinator permission.","Mathematics","DANA BARTOSOVA"
"MAT4911","Undergraduate Research in Mathematics","Provides firsthand, supervised research in mathematics. Projects may involve inquiry, design, investigation, scholarship, discovery or application in mathematics.","0","","Mathematics","Henry Adams, Jason Harrington, Youngmin Park, Sara Pollock, Chunmei Wang, Sergei Shabanov, Arnaud Marsiglietti, Tracy Stepien, Jeremy Booher"
"MAT4930","Special Topics in Mathematics: INTRO ALGEBRA 2","Qualified undergraduates take part in seminars or classes on special topics.","0","Prereq: undergraduate coordinator permission.","Mathematics",""
"MAT6905","Individual Work","Individual Work","3","","Mathematics","Miklos Bona"
"MAT6910","Supervised Research","Supervised Research","0","","Mathematics","Miklos Bona, Luca Di Cerbo, DANA BARTOSOVA, Youngmin Park"
"MAT6932","Special Topics in Mathematics: SEM IN TOPOLOGY","Special Topics in Mathematics","3","Prereq: consent of graduate adviser, who should be consulted well in advance of registration.","Mathematics","Alexander Dranishnikov"
"MAT6971","Research for Master's Thesis","Research for Master's Thesis","0","","Mathematics",""
"MAT7979","Advanced Research","Research for doctoral students before admission to candidacy. Designed for students with a master's degree in the field of study or for students who have been accepted for a doctoral program. Not appropriate for students who have been admitted to candidacy.","0","","Mathematics","Hubert Wagner, Cheng Yu, Alexandre Turull, Robin Tucker-Drob, Helen Moore, Michael Jury, Alexander Dranishnikov, Miklos Bona, Youngmin Park, Henry Adams, Kevin Knudson, Eric Evert, Chunmei Wang, Andrew Vince"
"MAT7980","Research for Doctoral Dissertation","Research for Doctoral Dissertation","0","","Mathematics","Sara Pollock, Jeremy Booher, Peter Bubenik, Alexander Berkovich, Henry Adams, Krishnaswami Alladi, Michael Jury, Jindrich Zapletal, Kevin Keating, Calistus Ngonghala, Luca Di Cerbo, Alexander Dranishnikov, Yeor Hafuta, Scott Mccullough, Sergei Pilyugin, William Hager, Zachary Hamaker, Lei Zhang, Frank Garvan, Hubert Wagner, Miklos Bona"
"MGF1130","Mathematical Thinking","In this course, students will utilize multiple means of problem solving through student-centered mathematical exploration. The course is designed to teach students to think more effectively and increase their problem-solving ability through practical application and divergent thinking. This course is appropriate for students in a wide range of disciplines/programs.","3","","Mathematics","Ross Ptacek, Himanshu Yadav"
"MHF3202","Reasoning and Proof in Mathematics","Fundamentals of logic, set theory, and proof techniques. Topics include propositional and predicate logic, set operations, functions, relations, mathematical induction, and proof strategies. Emphasis on analyzing, constructing, and writing rigorous mathematical arguments with clarity and precision.","3","Prereq: MAC 2312 with a minimum grade of C.","Mathematics","Jesse Kim, Luca Di Cerbo, Ross Ptacek, Andrew Vince, Libin Rong, Vincent Vatter"
"MHF4102","Elements of Set Theory","Basic axioms and concepts of set theory. Students present proofs. Credit will be given for, at most, MHF 4102 or MHF 5107.","3","Prereq: MAS 4105 with a minimum grade of C.","Mathematics","Robin Tucker-Drob"
"MHF5107","Introduction to Set Theory","Basic axioms and concepts of set theory, axiom of choice, Zorn's lemma, Schroder-Bernstein theorem, cardinal numbers, ordinal numbers, and the continuum hypothesis.","3","","Mathematics","Robin Tucker-Drob"
"MHF6307","Mathematical Logic 2","The three sub-areas Model theory, computability theory, and set theory will be covered. Specific topics may include axiomatization of set theory, transfinite recursion and cardinal arithmetic, Goedel's constructible universe, Cohen's method of forcing, Turing degrees, and Post's problem.","3","Prereq: MHF 6306.","Mathematics","Jindrich Zapletal"
"MTG3212","Geometry","Axiomatic treatment of topics in Euclidean, non-Euclidean, projective geometry and (time permitting) fractal geometry. Particularly useful for prospective secondary-school mathematics teachers.","3","Prereq: MAC 2312 and (MAC 2512 or MAC 3473 with a minimum grade of C).","Mathematics","Konstantina Christodoulopoulou"
"MTG4303","Elements of Topology 2","Continues the basic concepts of general topology. Credit will be given for, at most, MTG 4303 or MTG 5317.","3","Prereq: MTG 4302 with a minimum grade of C.","Mathematics","Alexander Dranishnikov"
"MTG5317","Introduction to Topology II","Introduction to Topology II","3","Prereq: MTG 5316.","Mathematics","Alexander Dranishnikov"
"MTG6257","Differential Geometry II","Differential Geometry II","3","Prereq: MTG 6256.","Mathematics","David Groisser"
"MTG6347","Topology II","Topology II","3","Prereq: MTG 6346.","Mathematics","Peter Bubenik"
"MTG7397","Advanced Topics in Topology II","Discussion of advanced topics in topology and its applications.","3","Prereq: MTG 7396.","Mathematics","Henry Adams"
"STA2023","Introduction to Statistics 1","In this course, students will utilize descriptive and inferential statistical methods in contextual situations, using technology as appropriate. The course is designed to increase problem-solving abilities and data interpretation through practical applications of statistical concepts. This course is appropriate for students in a wide range of disciplines and programs.","3","","Statistics","Stephanie Stine"
"STA2090","The Data Analytics Revolution In Sports","Explores the data-driven decision process within the field of athletics and game play using data analytics and visualization techniques. Compares the processes used in sports with those used in business and everyday life and illustrates examples of how data can be used to understand human behavior.","3","","Statistics","Elizabeth Johnson"
"STA3024","Introduction to Statistics 2","An introduction to the analysis of variance. Nonparametric statistical methods and applications. Analysis of count data: chi-square and contingency tables. Simple and multiple linear regression methods with applications.","3","Prereq: STA 2023 or the equivalent.","Statistics","Maria Ripol"
"STA3032","Engineering Statistics","Basic concepts in probability, statistics, engineering applications. Use of computational methods, logic, and reasoning. Formulation of mathematical models, application of statistical techniques, and solution of real-world problems. Topics include probability, random variables, estimation, hypothesis testing, correlation, regression, and analysis of variance.","3","Prereq: MAC 2311.","Statistics","Thomas Ippolito, Karina Gelis-Cadena"
"STA3100","Programming With Data in R","Introduction to statistical computing and programming with data. Topics include basic programming in R; data types and data structures in R; importing and cleaning data; specifying statistical models in R; statistical graphics; statistical simulation using pseudo-random numbers; reproducible research and the documentation of statistical analyses.","3","Prereq: STA 2023 with a minimum grade of B or (STA 3024 or STA 3032 with a minimum grade of B-) or (AP statistics score of 4 or 5).","Statistics","Benjamin Roycraft, Thomas Ippolito"
"STA3180","Statistical Modelling","Overview of modern statistical modeling. Topics include linear regression, binary regression and classification, cross-validation, nonlinear regression and smoothing, tree-based methods, the bootstrap, and causal inference. Approaches will be illustrated in R.","3","Prereq: STA 3100.","Statistics","Lawrence Winner"
"STA4210","Regression Analysis","Simple linear regression and multiple linear regression models. Inference about model parameters and predictions, diagnostic, and remedial measures about the model, independent variable selection, multicollinearity, autocorrelation, and nonlinear regression.","3","Prereq: STA 3100 and (STA 3024 or STA 3032 or STA 4321 or MAS 3114 or MAS 4105).","Statistics","David Lindberg, Lingxiao Zhou"
"STA4211","Design of Experiments","The basic principles of experimental design: analysis of variance for experiments with a single factor; randomized blocks and Latin square designs: multiple comparison of treatment means; factorial and nested designs; analysis of covariance; response surface methodology.","3","Prereq: STA 4210.","Statistics","Lawrence Winner"
"STA4241","Statistical Learning in R","Overview of the field of statistical learning. Topics include linear regression, classification, resampling methods, shrinkage approaches, tree-based methods, support vector machines, and clustering. Approaches will be illustrated in R.","3","Prereq: STA 4322 and STA 4210 and (MAS 3114 or 4105).","Statistics","Joseph Antonelli"
"STA4273","Statistical Computing in R","Overview of computational statistics and how to implement the methods in R. Topics include Monte Carlo methods in inference, bootstrap, permutation tests, and Markov chain Monte Carlo (MCMC) methods.","3","Prereq: STA 4210 and STA 4322 and (MAS 3114 or MAS 4105).","Statistics","Leo Duan"
"STA4321","Introduction to Probability","Introduces the theory of probability, counting rules, conditional probability, independence, additive and multiplicative laws, Bayes Rule. Discrete and continuous random variables, their distributions, moments and moment generating functions. Multivariate probability distributions, independence, covariance. Distributions of functions of random variables, sampling distributions, central limit theorem.","3","Prereq: MAC 2313 or MAC 3474 with a minimum grade of C.","Statistics","Yeison Quiceno Duran, James Hobert, John Streese"
"STA4322","Introduction to Statistics Theory","Sampling distributions, central limit theorem, estimation, properties of point estimators, confidence intervals, hypothesis testing, common large sample tests, normal theory small sample tests, uniformly most powerful and likelihood ratio tests, linear models and least squares, correlation. Introduction to analysis of variance.","3","Prereq: STA 4321 or the equivalent.","Statistics","Matias Shedden, Demetris Athienitis"
"STA4504","Categorical Data Analysis","Description and inference using proportions and odds ratios, multi-way contingency tables, logistic regression and other generalized linear models, log-linear models applications.","3","Prereq: STA 3100 and (STA 3024 or STA 3032 or STA 4210 or STA 4322).","Statistics","Leo Duan, Patrick Mellady"
"STA4702","Multivariate Statistical Methods","Review of matrix theory, univariate normal, t, chi-squared and F distributions and multivariate normal distribution. Inference about multivariate means including Hotelling's T2, multivariate analysis of variance, multivariate regression and multivariate repeated measures. Inference about covariance structure including principal components, factor analysis and canonical correlation. Multivariate classification techniques including discriminant and cluster analyses. Additional topics at the discretion of the instructor, time permitting.","3","Prereq: (STA 3024 or STA 4210 or STA 4322 or STA 6127 or STA 6167) and (MAS 3114 or MAS 4105 or the equivalent).","Statistics","Karl Ekvall"
"STA4853","Introduction to Time Series and Forecasting","Stationarity, autocorrelation, ARMA models; frequency domain methods and the spectral density; forecasting methods; and computationally-oriented application to case studies.","3","Prereq: STA 4210 and STA 4321.","Statistics","Sayar Karmakar"
"STA4905","Individual Work","Special topics designed to meet the needs and interests of individual students.","0","Prereq: department permission.","Statistics",""
"STA4911","Undergraduate Research in Statistics: RESEARCH STATISTICS","Provides firsthand, supervised research. Projects may involve inquiry, design, investigation, scholarship, discovery, or application.","0","","Statistics",""
"STA4940","Internship","Supervised activity associated with planning and/or analyzing data from a research project. Supervision by a faculty member or delegated authority and a post-internship written report are required.","0","Prereq: STA 4211 and undergraduate coordinator permission.","Statistics",""
"STA4950","Capstone in Statistics and Data Science","A comprehensive team-based learning experience where students synthesize what they have learned in previous core courses and apply that knowledge to new, complex situations working in partnership with professional data scientists and statisticians to analyze a real-world problem. Skills such as collaboration, data ethics and communication are heavily emphasized.","3","Prereq: STA 4210 and 3 additional credits in STA 4XXX and (BS or BA STA or DAT major or STA minor or ACS minor)","Statistics","Elizabeth Johnson"
"STA5325","Fundamentals of Probability","Topics in probability and statistics, particularly discrete and continuous random variables, sampling distributions, estimation, and hypothesis testing. Applications to engineering and natural science.","3","Prereq: grade of C or better in MAC 2313 and STA 3032 or equivalent.","Statistics","James Hobert"
"STA5328","Fundamentals of Statistical Theory","Direct continuation of STA 4321/STA 5325. Basic material for distribution theory, sampling distributions, properties of estimators, hypothesis testing, linear regression analysis, and analysis of variance. A good knowledge of calculus is helpful.","3","Prereq: STA 4321 or equivalent.","Statistics","Demetris Athienitis"
"STA5503","Categorical Data Methods","Description and inference using proportions and odds ratios, multi-way contingency tables, logistic regression and other generalized linear models, and loglinear models applications.","3","Prereq: STA 3024, 3032, 4210, 4322, STA 6127, or STA 6167. Intended for graduate students not majoring in statistics.","Statistics","Leo Duan"
"STA5701","Applied Multivariate Methods","Review of matrix theory, univariate normal, t, chi-squared and F distributions, and multivariate normal distributions. Inference about multivariate means, Hotelling's T2  multivariate analysis of variance, multivariate regression, and multivariate repeated measures. Inference about covariance structure, principal components, factor analysis, and canonical correlation. Multivariate classification techniques, discriminant and cluster analysis. Additional topics at the discretion of the instructor, time permitting.","3","Prereq: STA 3024, STA 6127, STA 6167, or 4211. Intended for graduate students not majoring in statistics.","Statistics","Karl Ekvall"
"STA5856","Applied Time Series Methods","Stationarity, autocorrelation, ARMA models, non-stationary processes, ARIMA models, regression with ARMA errors, model-based forecasting, forecasting algorithms.","3","Coreq: STA 4322 or STA 5328.","Statistics","Sayar Karmakar"
"STA6167","Statistical Methods in Research II","Analysis of covariance and general linear model. Factorial, nested, split-plot, and incomplete block designs. Analysis of count data.","3","Prereq: STA 6166.","Statistics","David Holmes"
"STA6246","Theory of Linear Models","Theory of Linear Models","3","Prereq: STA 6208, STA 6327, STA 6329.","Statistics","John Doss"
"STA6276","Statistical Computing II: Monte Carlo Methods","Second of a two course sequence on statistical computing. Covers Monte Carlo (MC) methods, Monte Carlo methods based on Markov chains (MCMC), and variational inference. Describes implementations of these methods and classes of problems in Bayesian inference they can address. Also, discussion of convergence issues. R is the primary programming language.","3","Prereq: STA 6326; Coreq: STA 6327.","Statistics","Kshitij Khare"
"STA6327","Introduction to Theoretical Statistics II","Estimation and hypothesis testing. Sufficiency, information, estimation, maximum likelihood, confidence intervals, uniformly most powerful tests, likelihood ratio tests, sequential testing, univariate normal inference, decision theory, analysis of categorical data.","3","Prereq: STA 6326.","Statistics","Malay Ghosh"
"STA6905","Individual Work: Advanced Regression","Special topics designed to meet the needs and interests of individual students.","0","Prereq: departmental approval.","Statistics",""
"STA6910","Supervised Research","Supervised Research","0","","Statistics",""
"STA6938","Seminar","Special topics of an advanced nature suitable for seminar treatment but not given in regular courses.","1","Prereq: departmental approval.","Statistics",""
"STA7233","Advanced Regression","Introduces a variety of advanced methods used in modern regression analyses, including semiparametric regression, regularization and shrinkage estimators, and advanced statistical machine learning methods.","3","Prereq: STA 7249.","Statistics","Joseph Antonelli"
"STA7467","Probability Theory II","Summability of independent random variables. Laws of large numbers. Convergence in distribution. Characteristic functions. Uniqueness and continuity theorems. The Lindeberg-Feller central limit theorem. Degenerate convergence criterion.","3","Prereq: STA 7466.","Statistics","Sohom Bhattacharya"
"STA7934","Special Topics in Statistics: High Dimensional Time-Series","Possible Topics: Smoothing Methods, Analysis of Longitudinal Data, Data Mining and Statistical Learning, Mixed Models, Theory and Methods, Resampling Methods, Functional Data Analysis.","0","Prereq: Permission of Graduate Coordinator.","Statistics","Sayar Karmakar"
"STA7979","Advanced Research","Research for doctoral students before admission to candidacy. Designed for students with a master's degree in the field of study or for students who have been accepted for a doctoral program. Not appropriate for students who have been admitted to candidacy.","0","","Statistics",""
"STA7980","Research for Doctoral Dissertation","Research for Doctoral Dissertation","0","","Statistics",""
"PHY2004","Applied Physics 1","Emphasizes the practical applications of basic physics to a wide range of professions including architecture, agricultural sciences, building construction, and forest resources. Mechanics of motion, forces, energy, momentum, wave motion, and heat. (P) This course affords students the ability to critically examine and evaluate the principles of the scientific method, model construction, and use the scientific method to explain natural experiences and phenomena.","3","Prereq: algebra and trigonometry.","Physics","Andrew Rinzler"
"PHY2004L","Laboratory for Physics 2004","Laboratory experience illustrating the practical applications of basic physics, including the mechanics of motion, forces, energy, momentum, wave motion and heat. This course affords students the ability to critically examine and evaluate the principles of the scientific method, model construction, and use the scientific method to explain natural experiences and phenomena.","1","Coreq: PHY 2004.","Physics","Charles Parks, Nivarthana Yapa Mudiyanselage, Charles Taylor, Austin Lam"
"PHY2005","Applied Physics 2","Continuation of the sequence. Electric and magnetic fields. Geometrical, wave and applied optics. Modern and nuclear physics. This course affords students the ability to critically examine and evaluate the principles of the scientific method, model construction, and use the scientific method to explain natural experiences and phenomena.","3","Prereq: PHY 2004 or equivalent.","Physics","Thomas Angelini"
"PHY2005L","Applied Physics 2 Lab","Laboratory experience illustrating the practical applications of electric and magnetic fields geometrical, wave and applied optics; and modern and nuclear physics. (P) corequisite: PHY 2005.This course affords students the ability to critically examine and evaluate the principles of the scientific method, model construction, and use the scientific method to explain natural experiences and phenomena.","1","Coreq: PHY 2005.","Physics","Charles Parks, Nivarthana Yapa Mudiyanselage, Raju Sharma Khatiwada, Monique Kubovsky"
"PHY2020","Introduction to Principles of Physics","This course offers a comprehensive survey of physics, covering a wide range of topics including motion, Newton's laws, energy, sound, heat, electricity, magnetism, and optics. Emphasizing a conceptual understanding of physics, the course integrates critical thinking skills and real-world applications.","3","Prereq: high school algebra and trigonometry or the equivalent.","Physics","Saroj Pokharel"
"PHY2032","Energy and Society","Addresses the question of how the world's energy needs will be met based on available resources, technology, environmental concerns, economics, personal choices, and nation and international policy. Develops quantitative reasoning skills necessary to make informed decisions. Compares energy use, resources, and policy in different countries. This course affords students the ability to critically examine and evaluate the principles of the scientific method, model construction, and use the scientific method to explain natural experiences and phenomena.","3","Prereq: Any Quest 1 course with a minimum grade of C.","Physics","Gregory Stewart"
"PHY2048","Physics with Calculus 1","This calculus-based course serves as the first in a two-part series, covering topics like kinematics, dynamics, energy, momentum, rotational motion, fluid dynamics, oscillatory motion, and waves. Designed for science and engineering majors, the course integrates critical thinking, analytical skills, and real-world applications.","3","Prereq: high-school physics, PHY 2020 or the equivalent, and MAC 2311. Coreq: MAC 2312.","Physics","Shawn Weatherford, Saroj Pokharel, Alexander Donald, Ethan Angerhofer, Kyle Tregoning, Ethan Huecker, Henry Hill, Thomas Caligiure, Conor Naughton, Emrah Simsek, Dylan Tagrin, Andrey Korytov, John Yelton, Diana Pedraza Gil, Carlos Ramos P."
"PHY2048L","Laboratory for PHY 2048","Lab for Physics with Calculus 1. This course affords students the ability to critically examine and evaluate the principles of the scientific method, model construction, and use the scientific method to explain natural experiences and phenomena.","1","Prereq: Degree-seeking students only. Coreq: PHY 2048 or the equivalent.","Physics","Charles Parks, Nivarthana Yapa Mudiyanselage, Caden Zaccardi, Wanyue Wang, Nicholas Maldonado, Andrew Valentini, Soobeom Chung, Bennett Hughes, Charles Taylor, Santiago Moreno Gonzalez, Chuks Onyeka, Luke Johnson, Jake Meuse, Aatif Kaisar Khan, Inkyu Hwang, Andrew Kinnion, Dhashin Krishna Murali"
"PHY2049","Physics with Calculus 2","The second of a two-semester sequence of Physics for scientists and engineers. Content includes Coulombs law, electric fields and potentials, capacitance, currents and circuits, Amperes law, Faradays law, inductance, Maxwells equations, electromagnetic waves, ray optics, interference and diffraction. This course affords students the ability to critically examine and evaluate the principles of the scientific method, model construction, and use the scientific method to explain natural experiences and phenomena.","3","Prereq: PHY 2048 and MAC 2312; Coreq: MAC 2313.","Physics","Ravin Kodikara, Selman Hershfield, Joshua Covey, LingQin Xue, David Sadek, Cristofer Caballeros, Matthew Reinhard, Yohei Ema"
"PHY2049L","Laboratory for PHY 2049","Laboratory experience for PHY 2049 illustrating the practical applications of Coulomb’s law, electric fields and potentials, capacitance, currents and circuits, Ampere’s law, Faraday’s law, inductance, Maxwell’s equations, electromagnetic waves, ray optics, interference and diffraction. (P) This course affords students the ability to critically examine and evaluate the principles of the scientific method, model construction, and use the scientific method to explain natural experiences and phenomena.","1","Prereq: Degree-seeking students only. Coreq: PHY 2049 or the equivalent.","Physics","Charles Parks, Caden Zaccardi, Nivarthana Yapa Mudiyanselage, Mateo Halka, Mengke Zhang, Nathaniel Bevins, Nhat Huy Tran, Qiushi Wei, Rachel Prempeh, Claire Chen, Ayan Dey, Raju Sharma Khatiwada, James Grossmann, Maximilian Smuda, John Paul Holt, Yuxin Zhao"
"PHY2053","Physics 1","This course is the first in a two-part series intended for non-physics majors, offering an algebra and trigonometry approach to topics such as kinematics, dynamics, energy, momentum, rotational motion, fluid dynamics, oscillatory motion, and waves. The course fosters analytical and critical thinking skills to promote a scientific understanding of the real world.","4","Prereq: high school algebra and trigonometry, or the equivalent. Degree-seeking students only.","Physics","Tarek Saab, BingKan Xue, Anguie Xiomara Gonzalez Duque, Alvaro Herrera, Jiabin Yu, Joseph Jung, Boran Yesilyurt, Antonios Kyriazis, Yu Zhang, Panagiotis Kotoulas"
"PHY2053L","Laboratory for PHY 2053","Laboratory experience for PHY 2053 illustrating the practical applications of the structure and properties of matter; kinematics, dynamics and statics; momentum and energy; rotation, elasticity; vibration; fluids; temperature and expansion, heat transfer, thermal behavior of gases; wave motion and sound. (P) This course affords students the ability to critically examine and evaluate the principles of the scientific method, model construction, and use the scientific method to explain natural experiences and phenomena.","1","Coreq: PHY 2053 or the equivalent. Degree-seeking students only.","Physics","Charles Parks, Caden Zaccardi, Nivarthana Yapa Mudiyanselage, Dhashin Krishna Murali, Samuel Sebastian, Sourin Dey, Andrew Kinnion, Austin Lam, Marwa Selim, Yuan Gao, Jake Meuse, Stephanie Montoya, Zachary Turner"
"PHY2054","Physics 2","Second semester of introductory physics de-emphasizing calculus. Electric charge, field, and circuits; electromagnetism, applied electricity; geometrical optics, wave optics, applied optics; electrons and photons; atoms and nuclei. This course affords students the ability to critically examine and evaluate the principles of the scientific method, model construction, and use the scientific method to explain natural experiences and phenomena.","4","Prereq: PHY 2053 or the equivalent. Degree-seeking students only.","Physics","Sujata Krishna, James Hamlin, PAUL FULDA"
"PHY2054L","Laboratory for PHY 2054","Laboratory experience for PHY 2054 illustrating the practical applications of electric charge, fields and circuits; electromagnetism, applied electricity; geometrical optics, wave optics, applied optics; electrons and photons; atoms and nuclei. (P) This course affords students the ability to critically examine and evaluate the principles of the scientific method, model construction, and use the scientific method to explain natural experiences and phenomena.","1","Coreq: PHY 2054 or the equivalent. Degree-seeking students only.","Physics","Charles Parks, Caden Zaccardi, Nivarthana Yapa Mudiyanselage, James Grossmann, Monique Kubovsky, Juan Perez Mosquera, Qiushi Wei, Yuxin Zhao, Cedric Broussard, Odysseas Hilides, Jayani Wilegoda Mudalige, Ashwini Malviya, Xuce Niu, Luka Vukomanovic, Rachel Prempeh, Michael Taylor, Caleb Faison, Ayan Dey, John Paul Holt, Evan McCarthy, Mengke Zhang"
"PHY2060","Enriched Physics with Calculus 1","First of the enriched sequence for physics majors and others wishing a deeper understanding of mechanics, kinematics, conservation laws, harmonic motion, central forces and special relativity. This course affords students the ability to critically examine and evaluate the principles of the scientific method, model construction, and use the scientific method to explain natural experiences and phenomena.","3","Prereq: Degree-seeking students only; Coreq: MAC 2312 or the equivalent.","Physics","Mark Meisel"
"PHY2061","Enriched Physics with Calculus 2","Second course of the enriched sequence. Electricity and magnetism, including electrostatics, Gauss' law, potentials, vector analysis, Laplace's equation, conductors and insulators, circuits, magnetism, Maxwell's equations and E&M fields in matter. This course affords students the ability to critically examine and evaluate the principles of the scientific method, model construction, and use the scientific method to explain natural experiences and phenomena.","3","Prereq: PHY 2060 or instructor permission; Coreq: MAC 2313 or the equivalent.","Physics","Siyao Xu"
"PHY3063","Enriched Modern Physics","Theory of relativity and introduction to quantum theory. Course includes wave mechanics, quantum theory of solids, nuclear and particle physics and cosmology.","3","Credits: 3; Prereq: PHY 2061 or instructor permission, and MAP 2302 or the equivalent.","Physics","Jeffrey Andrews"
"PHY3101","Introduction to Modern Physics","Modern and atomic physics, relativity, wave phenomena and the basis of quantum physics.","3","Prereq: PHY 2049 or the equivalent.","Physics",""
"PHY3221","Mechanics 1","First part of PHY 3221/4222 sequence in classical mechanics emphasizing matrices, vector calculus, Newtonian mechanics, frames of reference, conservation laws and harmonic oscillation.","3","Prereq: PHY 2049 or the equivalent; Coreq: MAP 2302 or the equivalent.","Physics","Rachel Houtz"
"PHY3323","Electromagnetism 1","First part of the PHY 3323/4324 sequence in electromagnetism. Course covers static electric and magnetic fields, electric circuits, Maxwell's equations, radiation and propagation of electromagnetic waves.","3","Prereq: (PHY 2049 or PHY 2061, or the equivalent) or (MAP 2302 or the equivalent).","Physics","Edwin Eduardo Pedrozo Penafiel"
"PHY3513","Thermal Physics 1","First part of the PHY 3513/4523 sequence that includes treatment of classical thermodynamics, including fundamental postulates, entropy and equations of states; thermodynamic equilibrium and potentials; Maxwell relations and phase transitions.","3","Prereq: PHY 2049 or PHY 2061.","Physics","Amlan Biswas"
"PHY4222","Mechanics 2","Second part of the sequence in classical mechanics studying rigid body mechanics; motion in a non-inertial frame, Lagrangian and Hamiltonian dynamics; elements of fluid mechanics; and relativity theory.","3","Prereq: PHY 3221 and differential equations.","Physics","Sergey Klimenko"
"PHY4324","Electromagnetism 2","The second in the PHY 3323/4324 electromagnetism sequence studying static electric and magnetic fields, electric circuits, Maxwell's equations, radiation and propagation of electromagnetic waves.","3","Prereq: PHY 3323 and differential equations.","Physics","Yasumasa Takano"
"PHY4523","Statistical Physics","Second of the PHY 3513/4523 sequence. Introduction to statistical physics and continued study of classical thermodynamics, including fundamental postulates, entropy and equations of states; thermodynamic equilibrium and potentials; Maxwell relations and phase transitions.","3","Prereq: PHY 3513 and PHY 4604; differential equations.","Physics","Yoonseok Lee"
"PHY4604","Introductory Quantum Mechanics 1","First of the PHY 4604/4605 sequence. Basic concepts of quantum mechanics with applications in atomic and nuclear physics and condensed matter.","3","Prereq: (PHY 3101 or PHY 3063) and MAP 2302 or equivalent.","Physics","Khandker Muttalib"
"PHY4605","Introductory Quantum Mechanics 2","Second of the PHY 4604/4605 quantum mechanics sequence with applications in atomic and nuclear physics and condensed matter.","3","Prereq: PHY 4604.","Physics","Christopher Stanton"
"PHY4802L","Laboratory Physics 1","Electronics in the laboratory.","3","Coreq: PHY 3323 or the equivalent.","Physics","DOMINIQUE LAROCHE, Yuta Takahashi"
"PHY4803L","Laboratory Physics 2","Current laboratory techniques.","3","Prereq: PHY 4604 and PHY 4802L.","Physics","Heather Ray, Neil Sullivan, Xiao-Xiao Zhang"
"PHY4905","Individual Work","Qualified undergraduate students study selected topics in physics.","0","Prereq: 12 credits of physics and instructor permission.","Physics",""
"PHY4911","Undergraduate Research in Physics: UG RES PHYSICS","Course provides firsthand, supervised research in Physics. Projects may involve inquiry, design, investigation, scholarship, discovery or application in Physics.","0","","Physics","Siyao Xu, Amlan Biswas, Chunjing Jia, Jiabin Yu, DOMINIQUE LAROCHE, Edwin Eduardo Pedrozo Penafiel, BingKan Xue, James Hamlin, Yuta Takahashi, Gabriel Birzu, Yasumasa Takano, Philip Chang, Jeffrey Andrews"
"PHY5905","Individual Work","Assigned reading and problems program, special topics, or development of special experimental or theoretical problems. Work selected according to student's needs and interests.","0","Prereq: consent of instructor.","Physics","Jiabin Yu"
"PHY6347","Electromagnetic Theory II","Continuation of PHY 6346.","3","Prereq: PHY 6346.","Physics","Dmitrii Maslov"
"PHY6536","Statistical Mechanics I","Equilibrium ensembles for classical and quantum systems, fluctuations, applications to normal fluids, phase transitions and critical phenomena, plasmas.","3","Prereq: PHY 6645 and PHY 6246.","Physics","YUXUAN WANG"
"PHY6646","Quantum Mechanics II","Time dependent perturbation theory, scattering theory, identical particles and second quantization, Dirac equation.","3","Prereq: PHY 6645.","Physics","Wei Xue"
"PHY6905","Individual Work","Treatment of an experimental or theoretical problem or topic assigned on the basis of student's needs and interests.","0","","Physics","Yoonseok Lee, James Hamlin, Edwin Eduardo Pedrozo Penafiel, Jiabin Yu"
"PHY6910","Supervised Research","Supervised Research","0","","Physics","Imre Bartos"
"PHY6920","Departmental Colloquium","Summary presentation of contemporary topics by visiting and local researchers.","1","","Physics",""
"PHY7669","Quantum Field Theory II","Path integral quantization; perturbation theory; renormalization; quantization of gauge fields; applications.","3","Prereq: PHY 6648.","Physics","Jeff Dror"
"PHY7979","Advanced Research","Research for doctoral students before admission to candidacy. Designed for students with a master's degree in the field of study or for students who have been accepted for a doctoral program. Not appropriate for students who have been admitted to candidacy.","0","","Physics","Philip Feng, Jiabin Yu, Yuta Takahashi, Gabriel Birzu, Tarek Saab, BingKan Xue, Siyao Xu, Philip Chang, Laura Blecha, Jacobo Konigsberg, Sergey Klimenko, Richard Hennig, Chunjing Jia, Ivan Furic, Edwin Eduardo Pedrozo Penafiel, Xiao-Xiao Zhang, David Tanner, Rachel Houtz, PAUL FULDA, James Hamlin, Yoonseok Lee, Jeff Dror, YUXUAN WANG"
"PHY7980","Research for Doctoral Dissertation","Research for Doctoral Dissertation","0","","Physics","Jeff Dror, Guido Mueller, Heather Ray, Wei Xue, Richard Hennig, Khandker Muttalib, Imre Bartos, PAUL FULDA, Jeffrey Andrews, Rasul Gazizulin, Chunjing Jia, Xiao-Xiao Zhang, Dmitrii Maslov, Philip Chang, BingKan Xue, Jacobo Konigsberg, Laura Blecha, Sumita Bhaduri-McIntosh, Peter Hirschfeld, DOMINIQUE LAROCHE, James Hamlin, Richard Woodard, Pierre Sikivie, Christopher Stanton, David Tanner, Tarek Saab, Rachel Houtz, Yoonseok Lee, Amlan Biswas, Desika Narayanan"
"PHZ4404","Introduction to Solid State Physics","Atomic binding, crystalline structure, diffraction and reciprocal lattice, lattice vibration, phonons, electrons in solids, energy bands, semiconductors.","3","Prereq: PHY 4604; Coreq: PHY 4523.","Physics","Chunjing Jia"
"PHZ4710","Introduction to Biological Physics","The physics of biological systems, including physics of proteins and nucleic acids, biomolecular motors and diffusional signaling and sensing. Important experimental tools such as magnetic resonance and synchrotron x-ray crystallography are also discussed. (WR)","3","Credits: 3; Prereq: one year of introductory physics (PHY 2053/2054, PHY 2048/2049, or the equivalent) and one year of calculus (MAC 2311/2312, or the equivalent).","Physics","Gabriel Birzu"
"PHZ7427","Solid State II","Physics of collective phenomena in condensed matter systems: electron-electron and electron-phonon interactions, magnetism, superconductivity, and quantum transport.","3","Prereq: PHZ 6426.","Physics","Peter Hirschfeld"
